{
  "threshold": 0.9,
  "real": {
    "precision": 0.971048118632099,
    "recall": 0.8611558418321702,
    "f1": 0.9128064103166984,
    "support": 11178
  },
  "fake": {
    "precision": 0.8669410150891631,
    "recall": 0.9724011924223481,
    "f1": 0.9166477813528984,
    "support": 10399
  }
}