{
  "true_real": {
    "count": 11178,
    "mean": 0.24620951456305173,
    "std": 0.36584557437108756,
    "p25": 0.001752352196490392,
    "p50": 0.017239149659872055,
    "p75": 0.4420195743441582
  },
  "true_fake": {
    "count": 10399,
    "mean": 0.9824666018826638,
    "std": 0.10076786147765028,
    "p25": 0.9977390170097351,
    "p50": 0.9992423057556152,
    "p75": 0.999671995639801
  }
}