{
  "true_real": {
    "count": 11178,
    "mean": 0.6649815101692061,
    "std": 0.4351518751020669,
    "p25": 0.04011678881943226,
    "p50": 0.9714989066123962,
    "p75": 0.9978455901145935
  },
  "true_fake": {
    "count": 10399,
    "mean": 0.998803053931776,
    "std": 0.026588315558031757,
    "p25": 0.9998496174812317,
    "p50": 0.9999257326126099,
    "p75": 0.9999545812606812
  }
}