{
  "generated_at_utc": "2026-04-11T00:31:40.102450+00:00",
  "model": "swin",
  "dataset_version": "deepdetect-2025",
  "run_dir": "/home/ubuntu/work/DSA4266/outputs/runs/20260410_212124_swin_full_swin_gen_v2",
  "metrics": {
    "accuracy": 0.6156092135143904,
    "balanced_accuracy": 0.6289899962338272,
    "precision": 0.5563286058335564,
    "recall": 0.9996153476295798,
    "f1": 0.7148260211800302,
    "threshold": 0.05,
    "roc_auc": 0.9628771878587565,
    "temperature": 1.6867003440856934,
    "val_selected_threshold": 0.05,
    "val_constraint_fake_recall": 0.9997594997594995,
    "val_constraint_real_recall": 0.9999999999999998,
    "val_constraint_balanced_accuracy": 0.9998797498797496,
    "val_constraint_feasible": true,
    "pr_auc_fake": 0.9464336795571994,
    "pr_auc_real": 0.9692773775133325
  },
  "confusion_counts": {
    "threshold": 0.05,
    "tn": 2888,
    "fp": 8290,
    "fn": 4,
    "tp": 10395
  },
  "classwise_metrics": {
    "threshold": 0.05,
    "real": {
      "precision": 0.998616874135546,
      "recall": 0.25836464483807475,
      "f1": 0.41051883439910475,
      "support": 11178
    },
    "fake": {
      "precision": 0.5563286058335564,
      "recall": 0.9996153476295796,
      "f1": 0.7148260211795707,
      "support": 10399
    }
  },
  "calibration": {
    "ece": 0.34391788842322496,
    "brier_score": 0.32752082283928435,
    "n_bins": 10
  },
  "prediction_count": 21577,
  "error_counts": {
    "false_positive": 8290,
    "false_negative": 4
  },
  "provenance": {
    "python_version": "3.10.12 (main, Mar  3 2026, 11:56:32) [GCC 11.4.0]",
    "platform": "Linux-6.8.0-1050-aws-x86_64-with-glibc2.35",
    "config_path": "/home/ubuntu/work/DSA4266/.ablation_configs/batch_20260410_151834_a6_source_aware_seed17.yaml"
  }
}