{
  "threshold": 0.05,
  "real": {
    "precision": 0.998616874135546,
    "recall": 0.25836464483807475,
    "f1": 0.41051883439910475,
    "support": 11178
  },
  "fake": {
    "precision": 0.5563286058335564,
    "recall": 0.9996153476295796,
    "f1": 0.7148260211795707,
    "support": 10399
  }
}