{
  "threshold": 0.49999999999999994,
  "real": {
    "precision": 0.9891422366992397,
    "recall": 0.7334943639291465,
    "f1": 0.8423485899209163,
    "support": 11178
  },
  "fake": {
    "precision": 0.7758127633955447,
    "recall": 0.9913453216655446,
    "f1": 0.8704352598466808,
    "support": 10399
  }
}