{
  "accuracy": 0.7965889604671641,
  "balanced_accuracy": 0.8028994738146211,
  "precision": 0.7097877687796705,
  "recall": 0.9776901625156265,
  "f1": 0.8224730008494114,
  "threshold": 0.95,
  "roc_auc": 0.9568123619247078,
  "temperature": 0.9072690606117249,
  "val_selected_threshold": 0.95,
  "val_constraint_fake_recall": 0.9802837220485692,
  "val_constraint_real_recall": 0.9995902479000203,
  "val_constraint_balanced_accuracy": 0.9899369849742947,
  "val_constraint_feasible": true,
  "pr_auc_fake": 0.9552854689988755,
  "pr_auc_real": 0.959566714068198
}