{
  "true_real": {
    "count": 11178,
    "mean": 0.32611626168810703,
    "std": 0.3941980410231713,
    "p25": 0.008220876567065716,
    "p50": 0.06755511835217476,
    "p75": 0.7765962332487106
  },
  "true_fake": {
    "count": 10399,
    "mean": 0.9884796541677029,
    "std": 0.08191584019670013,
    "p25": 0.9987015724182129,
    "p50": 0.9994969367980957,
    "p75": 0.9997504949569702
  }
}