metric,value
accuracy,0.5135561014042731
balanced_accuracy,0.5304962992866604
precision,0.4976782038393413
recall,0.9997115107221848
f1,0.6645359243160317
threshold,0.6
roc_auc,0.6698677328192523
