{
  "true_real": {
    "count": 11178,
    "mean": 0.9390210207368986,
    "std": 0.23542805807738396,
    "p25": 0.9999997615814209,
    "p50": 1.0,
    "p75": 1.0
  },
  "true_fake": {
    "count": 10399,
    "mean": 0.999711083123323,
    "std": 0.01672808424381982,
    "p25": 1.0,
    "p50": 1.0,
    "p75": 1.0
  }
}