{
  "true_real": {
    "count": 11178,
    "mean": 0.37378049721219647,
    "std": 0.4074750879210713,
    "p25": 0.014698652783408761,
    "p50": 0.12274457141757011,
    "p75": 0.8738196641206741
  },
  "true_fake": {
    "count": 10399,
    "mean": 0.9835011854696869,
    "std": 0.09624212008034712,
    "p25": 0.9976613521575928,
    "p50": 0.9990625977516174,
    "p75": 0.9995455741882324
  }
}