{
  "generated_at_utc": "2026-04-10T17:19:53.722518+00:00",
  "model": "swin",
  "dataset_version": "deepdetect-2025",
  "run_dir": "/home/ubuntu/work/DSA4266/outputs/runs/20260410_152158_swin_full_swin_gen_v2",
  "metrics": {
    "accuracy": 0.8534087222505445,
    "balanced_accuracy": 0.8577627936099322,
    "precision": 0.7759304453935326,
    "recall": 0.9783633041638619,
    "f1": 0.865467228105993,
    "threshold": 0.85,
    "roc_auc": 0.9735159977860293,
    "temperature": 1.3401881456375122,
    "val_selected_threshold": 0.85,
    "val_constraint_fake_recall": 0.9817219817219816,
    "val_constraint_real_recall": 0.9999999999999998,
    "val_constraint_balanced_accuracy": 0.9908609908609907,
    "val_constraint_feasible": true,
    "pr_auc_fake": 0.9664323724251006,
    "pr_auc_real": 0.9744027910152016
  },
  "confusion_counts": {
    "threshold": 0.85,
    "tn": 8240,
    "fp": 2938,
    "fn": 225,
    "tp": 10174
  },
  "classwise_metrics": {
    "threshold": 0.85,
    "real": {
      "precision": 0.9734199645599525,
      "recall": 0.7371622830560027,
      "f1": 0.8389757165397526,
      "support": 11178
    },
    "fake": {
      "precision": 0.7759304453935325,
      "recall": 0.9783633041638617,
      "f1": 0.8654672281054994,
      "support": 10399
    }
  },
  "calibration": {
    "ece": 0.18568601870219242,
    "brier_score": 0.16298841007837434,
    "n_bins": 10
  },
  "prediction_count": 21577,
  "error_counts": {
    "false_positive": 2938,
    "false_negative": 225
  },
  "provenance": {
    "python_version": "3.10.12 (main, Mar  3 2026, 11:56:32) [GCC 11.4.0]",
    "platform": "Linux-6.8.0-1050-aws-x86_64-with-glibc2.35",
    "config_path": "/home/ubuntu/work/DSA4266/.ablation_configs/batch_20260410_151834_a6_random_seed17.yaml"
  }
}