{
  "threshold": 0.85,
  "real": {
    "precision": 0.9734199645599525,
    "recall": 0.7371622830560027,
    "f1": 0.8389757165397526,
    "support": 11178
  },
  "fake": {
    "precision": 0.7759304453935325,
    "recall": 0.9783633041638617,
    "f1": 0.8654672281054994,
    "support": 10399
  }
}