{
  "threshold": 0.95,
  "real": {
    "precision": 0.9680132359023851,
    "recall": 0.6281087851136159,
    "f1": 0.7618685909604036,
    "support": 11178
  },
  "fake": {
    "precision": 0.7097877687796704,
    "recall": 0.9776901625156263,
    "f1": 0.8224730008489239,
    "support": 10399
  }
}