{
  "true_real": {
    "count": 11178,
    "mean": 0.5322803720926758,
    "std": 0.44333426744376153,
    "p25": 0.011969628976657987,
    "p50": 0.6670840084552765,
    "p75": 0.9910916537046432
  },
  "true_fake": {
    "count": 10399,
    "mean": 0.9916250456108715,
    "std": 0.06743516858121736,
    "p25": 0.9997934103012085,
    "p50": 0.999954342842102,
    "p75": 0.999985933303833
  }
}