{
  "true_real": {
    "count": 11178,
    "mean": 0.6885122073168093,
    "std": 0.42239289501776844,
    "p25": 0.11285647563636303,
    "p50": 0.9825224280357361,
    "p75": 0.9988860189914703
  },
  "true_fake": {
    "count": 10399,
    "mean": 0.9989817362600754,
    "std": 0.024079326850142517,
    "p25": 0.9998728632926941,
    "p50": 0.9999295473098755,
    "p75": 0.999954342842102
  }
}