{
  "accuracy": 0.8577652129582426,
  "balanced_accuracy": 0.8624198427973455,
  "precision": 0.7758127633955448,
  "recall": 0.9913453216655448,
  "f1": 0.8704352598471735,
  "threshold": 0.49999999999999994,
  "roc_auc": 0.9829482869505994,
  "temperature": 1.2398401498794556,
  "val_selected_threshold": 0.49999999999999994,
  "val_constraint_fake_recall": 0.9913440730944937,
  "val_constraint_real_recall": 0.9999999999999998,
  "val_constraint_balanced_accuracy": 0.9956720365472467,
  "val_constraint_feasible": true,
  "pr_auc_fake": 0.9825407150080354,
  "pr_auc_real": 0.9838359736267592
}