{
  "true_real": {
    "count": 11178,
    "mean": 0.28260443036893984,
    "std": 0.3761752624172394,
    "p25": 0.005382613628171384,
    "p50": 0.047948701307177544,
    "p75": 0.5867846459150314
  },
  "true_fake": {
    "count": 10399,
    "mean": 0.9865682175779068,
    "std": 0.08168692351323992,
    "p25": 0.997356653213501,
    "p50": 0.9988584518432617,
    "p75": 0.9993800520896912
  }
}