{
  "generated_at_utc": "2026-03-30T13:05:52.069647+00:00",
  "model": "swin",
  "dataset_version": "deepdetect-2025",
  "run_dir": "outputs/runs/20260329_185411_swin_full_swin_opt",
  "metrics": {
    "accuracy": 0.5325128581925055,
    "balanced_accuracy": 0.5525730693488378,
    "precision": 0.9934047815333883,
    "recall": 0.1059154434385163,
    "f1": 0.19142176330420968,
    "threshold": 0.05,
    "roc_auc": 0.9876100655143928
  },
  "confusion_counts": {
    "threshold": 0.05,
    "tn": 10391,
    "fp": 8,
    "fn": 10172,
    "tp": 1205
  },
  "classwise_metrics": {
    "threshold": 0.05,
    "real": {
      "precision": 0.5053250984778486,
      "recall": 0.9992306952591593,
      "f1": 0.6712098701629798,
      "support": 10399
    },
    "fake": {
      "precision": 0.9934047815333875,
      "recall": 0.10591544343851629,
      "f1": 0.19142176330403549,
      "support": 11377
    }
  },
  "calibration": {
    "ece": 0.473773988236028,
    "brier_score": 0.4719511432038698,
    "n_bins": 10
  },
  "prediction_count": 21776,
  "error_counts": {
    "false_positive": 8,
    "false_negative": 10172
  },
  "provenance": {
    "python_version": "3.10.12 (main, Mar  3 2026, 11:56:32) [GCC 11.4.0]",
    "platform": "Linux-6.8.0-1050-aws-x86_64-with-glibc2.35",
    "config_path": "/home/ubuntu/work/DSA4266/configs/pipeline_full_swin_optimized.yaml"
  }
}