{
  "threshold": 0.6,
  "real": {
    "precision": 0.9956395348837195,
    "recall": 0.06128108785113615,
    "f1": 0.11545592449003064,
    "support": 11178
  },
  "fake": {
    "precision": 0.4976782038393413,
    "recall": 0.9997115107221847,
    "f1": 0.6645359243155878,
    "support": 10399
  }
}