{
  "generated_at_utc": "2026-04-01T20:54:26.359188+00:00",
  "model": "swin",
  "dataset_version": "deepdetect-2025",
  "run_dir": "/home/ubuntu/work/DSA4266/outputs/runs/20260401_183008_swin_full_swin_opt",
  "metrics": {
    "accuracy": 0.5135561014042731,
    "balanced_accuracy": 0.5304962992866604,
    "precision": 0.4976782038393413,
    "recall": 0.9997115107221848,
    "f1": 0.6645359243160317,
    "threshold": 0.6,
    "roc_auc": 0.6698677328192523
  },
  "confusion_counts": {
    "threshold": 0.6,
    "tn": 685,
    "fp": 10493,
    "fn": 3,
    "tp": 10396
  },
  "classwise_metrics": {
    "threshold": 0.6,
    "real": {
      "precision": 0.9956395348837195,
      "recall": 0.06128108785113615,
      "f1": 0.11545592449003064,
      "support": 11178
    },
    "fake": {
      "precision": 0.4976782038393413,
      "recall": 0.9997115107221847,
      "f1": 0.6645359243155878,
      "support": 10399
    }
  },
  "calibration": {
    "ece": 0.48632212648637396,
    "brier_score": 0.4856460765516812,
    "n_bins": 10
  },
  "prediction_count": 21577,
  "error_counts": {
    "false_positive": 10493,
    "false_negative": 3
  },
  "provenance": {
    "python_version": "3.10.12 (main, Mar  3 2026, 11:56:32) [GCC 11.4.0]",
    "platform": "Linux-6.8.0-1050-aws-x86_64-with-glibc2.35",
    "config_path": "/home/ubuntu/work/DSA4266/configs/pipeline_full_swin_optimized.yaml"
  }
}