{
  "threshold": 0.05,
  "real": {
    "precision": 0.9995684074233919,
    "recall": 0.2071926999463231,
    "f1": 0.3432382363835614,
    "support": 11178
  },
  "fake": {
    "precision": 0.5398753894080996,
    "recall": 0.9999038369073948,
    "f1": 0.7011699652714687,
    "support": 10399
  }
}