{
  "threshold": 0.05,
  "real": {
    "precision": 0.5053250984778486,
    "recall": 0.9992306952591593,
    "f1": 0.6712098701629798,
    "support": 10399
  },
  "fake": {
    "precision": 0.9934047815333875,
    "recall": 0.10591544343851629,
    "f1": 0.19142176330403549,
    "support": 11377
  }
}