{
  "true_real": {
    "count": 10399,
    "mean": 0.0006709301211483909,
    "std": 0.025345342811520923,
    "p25": 1.0349717083357746e-08,
    "p50": 1.4207115484055066e-08,
    "p75": 2.347349248310593e-08
  },
  "true_fake": {
    "count": 11377,
    "mean": 0.09256575809461465,
    "std": 0.2816158980776918,
    "p25": 4.926712904307351e-07,
    "p50": 1.3931150988355512e-06,
    "p75": 2.7174157366971485e-05
  }
}