{
  "threshold": 0.95,
  "real": {
    "precision": 0.9741090466037159,
    "recall": 0.8582930756843798,
    "f1": 0.9125410186897572,
    "support": 11178
  },
  "fake": {
    "precision": 0.86493860845839,
    "recall": 0.97547841138571,
    "f1": 0.9168888688023217,
    "support": 10399
  }
}